<DATE>	<TIME>	<OPEN>	<HIGH>	<LOW>	<CLOSE>	<TICKVOL>	<VOL>	<SPREAD>
2024.11.01	01:00:00	2743.95	2747.65	2743.71	2747.11	1365	0	25
2024.11.01	01:15:00	2747.11	2747.36	2744.99	2745.89	849	0	25
2024.11.01	01:30:00	2745.87	2746.43	2745.73	2746.34	979	0	25
2024.11.01	01:45:00	2746.32	2746.35	2745.56	2746.12	661	0	25
2024.11.01	02:00:00	2746.12	2746.89	2745.44	2746.39	1063	0	25
2024.11.01	02:15:00	2746.39	2747.02	2745.93	2747.01	862	0	25
2024.11.01	02:30:00	2747.03	2747.88	2746.84	2747.73	1237	0	25
2024.11.01	02:45:00	2747.72	2747.76	2745.98	2746.63	1391	0	25
2024.11.01	03:00:00	2746.63	2747.21	2745.77	2746.80	1875	0	25
2024.11.01	03:15:00	2746.81	2747.07	2745.72	2746.51	1563	0	25
2024.11.01	03:30:00	2746.51	2746.67	2745.35	2746.42	1397	0	25
2024.11.01	03:45:00	2746.43	2746.88	2744.84	2744.98	2722	0	25
2024.11.01	04:00:00	2744.99	2747.72	2744.85	2747.05	5619	0	25
2024.11.01	04:15:00	2747.07	2747.74	2745.50	2746.84	5345	0	25
2024.11.01	04:30:00	2746.83	2748.02	2745.38	2746.71	5067	0	25
2024.11.01	04:45:00	2746.70	2749.93	2746.67	2749.70	5290	0	25
2024.11.01	05:00:00	2749.69	2750.89	2746.51	2746.94	5902	0	25
2024.11.01	05:15:00	2746.94	2748.34	2746.61	2748.09	2859	0	25
2024.11.01	05:30:00	2748.08	2749.65	2745.80	2748.59	5258	0	25
2024.11.01	05:45:00	2748.59	2749.01	2746.30	2748.63	4418	0	25
2024.11.01	06:00:00	2748.64	2749.13	2747.39	2748.82	4015	0	25
2024.11.01	06:15:00	2748.82	2750.08	2748.28	2749.92	3429	0	25
2024.11.01	06:30:00	2749.93	2751.08	2749.00	2749.71	2765	0	25
2024.11.01	06:45:00	2749.70	2751.85	2749.27	2751.71	3160	0	25
2024.11.01	07:00:00	2751.70	2751.98	2751.07	2751.35	1631	0	25
2024.11.01	07:15:00	2751.35	2751.74	2750.74	2751.65	1372	0	25
2024.11.01	07:30:00	2751.65	2752.39	2751.19	2752.15	1344	0	25
2024.11.01	07:45:00	2752.14	2752.90	2751.40	2752.17	1703	0	25
2024.11.01	08:00:00	2752.19	2752.96	2752.13	2752.46	2624	0	25
2024.11.01	08:15:00	2752.49	2752.99	2751.60	2752.04	2984	0	25
2024.11.01	08:30:00	2752.05	2754.07	2751.80	2753.06	5493	0	25
2024.11.01	08:45:00	2753.03	2755.14	2752.75	2754.89	5061	0	25
2024.11.01	09:00:00	2754.89	2757.61	2754.69	2756.61	6101	0	25
2024.11.01	09:15:00	2756.63	2756.64	2752.53	2752.86	5674	0	25
2024.11.01	09:30:00	2752.84	2754.18	2751.28	2751.73	4910	0	25
2024.11.01	09:45:00	2751.73	2753.59	2751.71	2752.00	4219	0	25
2024.11.01	10:00:00	2752.00	2753.05	2749.92	2750.31	3649	0	25
2024.11.01	10:15:00	2750.31	2751.94	2749.80	2750.13	3445	0	25
2024.11.01	10:30:00	2750.11	2750.56	2747.08	2747.25	4667	0	25
2024.11.01	10:45:00	2747.25	2749.69	2747.20	2749.65	4517	0	25
2024.11.01	11:00:00	2749.65	2752.77	2748.49	2752.41	5569	0	25
2024.11.01	11:15:00	2752.40	2754.38	2751.53	2754.06	4889	0	25
2024.11.01	11:30:00	2754.04	2754.99	2751.82	2754.58	5616	0	25
2024.11.01	11:45:00	2754.58	2754.66	2751.37	2753.28	4739	0	25
2024.11.01	12:00:00	2753.27	2755.10	2752.33	2755.00	4939	0	25
2024.11.01	12:15:00	2755.00	2755.38	2752.19	2753.06	4172	0	25
2024.11.01	12:30:00	2753.06	2753.21	2748.00	2751.10	4550	0	25
2024.11.01	12:45:00	2751.09	2752.53	2749.95	2751.23	4000	0	25
2024.11.01	13:00:00	2751.24	2751.79	2750.30	2750.37	3915	0	25
2024.11.01	13:15:00	2750.38	2750.63	2747.25	2747.35	3889	0	25
2024.11.01	13:30:00	2747.35	2748.27	2744.80	2747.00	4598	0	25
2024.11.01	13:45:00	2747.01	2750.05	2746.61	2749.54	4315	0	25
2024.11.01	14:00:00	2749.54	2752.99	2749.54	2751.50	4550	0	25
2024.11.01	14:15:00	2751.49	2754.00	2751.30	2752.21	3919	0	25
2024.11.01	14:30:00	2752.20	2753.32	2751.56	2752.86	4256	0	25
2024.11.01	14:45:00	2752.85	2753.75	2752.01	2752.88	4173	0	25
2024.11.01	15:00:00	2752.89	2754.16	2751.62	2753.69	5542	0	25
2024.11.01	15:15:00	2753.69	2754.55	2749.89	2749.89	6550	0	25
2024.11.01	15:30:00	2749.93	2759.77	2749.25	2755.90	13175	0	25
2024.11.01	15:45:00	2755.90	2758.40	2752.78	2753.75	9327	0	25
2024.11.01	16:00:00	2753.79	2761.37	2753.63	2761.03	11025	0	25
2024.11.01	16:15:00	2761.04	2762.17	2753.35	2753.70	9979	0	25
2024.11.01	16:30:00	2753.64	2759.50	2752.14	2758.37	10230	0	25
2024.11.01	16:45:00	2758.37	2759.40	2755.97	2756.18	8170	0	25
2024.11.01	17:00:00	2756.30	2758.88	2753.18	2756.62	12106	0	25
2024.11.01	17:15:00	2756.61	2756.92	2748.00	2751.76	10416	0	25
2024.11.01	17:30:00	2751.75	2752.72	2739.68	2739.77	11400	0	25
2024.11.01	17:45:00	2739.76	2747.51	2739.75	2747.09	11482	0	25
2024.11.01	18:00:00	2747.09	2748.19	2742.58	2747.48	9236	0	25
2024.11.01	18:15:00	2747.48	2750.21	2747.07	2750.19	7557	0	25
2024.11.01	18:30:00	2750.20	2750.23	2746.21	2746.61	7063	0	25
2024.11.01	18:45:00	2746.63	2746.80	2742.72	2744.70	7728	0	25
2024.11.01	19:00:00	2744.72	2746.05	2742.63	2743.29	6651	0	25
2024.11.01	19:15:00	2743.26	2744.44	2742.61	2743.58	6515	0	25
2024.11.01	19:30:00	2743.59	2745.17	2740.79	2741.21	5797	0	25
2024.11.01	19:45:00	2741.22	2743.25	2740.35	2743.02	5901	0	25
2024.11.01	20:00:00	2743.06	2743.81	2741.55	2742.22	5108	0	25
2024.11.01	20:15:00	2742.22	2742.67	2739.14	2739.81	4879	0	25
2024.11.01	20:30:00	2739.83	2739.86	2735.34	2735.56	5394	0	25
2024.11.01	20:45:00	2735.55	2737.73	2735.02	2736.27	5038	0	25
2024.11.01	21:00:00	2736.25	2736.85	2733.92	2734.64	4671	0	25
2024.11.01	21:15:00	2734.65	2737.96	2733.47	2737.20	5118	0	25
2024.11.01	21:30:00	2737.22	2737.94	2735.99	2736.70	4341	0	25
2024.11.01	21:45:00	2736.70	2737.59	2736.01	2736.19	4108	0	25
2024.11.01	22:00:00	2736.18	2736.97	2734.11	2736.50	4410	0	25
2024.11.01	22:15:00	2736.49	2736.64	2733.17	2733.55	3475	0	25
2024.11.01	22:30:00	2733.54	2735.76	2733.51	2735.12	3439	0	25
2024.11.01	22:45:00	2735.13	2735.29	2733.47	2734.02	3899	0	25
2024.11.01	23:00:00	2734.05	2734.86	2733.44	2734.63	1647	0	25
2024.11.01	23:15:00	2734.62	2734.65	2733.25	2734.42	1140	0	25
2024.11.01	23:30:00	2734.41	2734.95	2733.58	2734.46	1125	0	25
2024.11.01	23:45:00	2734.46	2736.07	2734.28	2735.77	1098	0	25
2024.11.04	01:00:00	2732.35	2736.70	2732.34	2736.69	2547	0	25
2024.11.04	01:15:00	2736.67	2739.45	2736.28	2739.23	2781	0	25
2024.11.04	01:30:00	2739.22	2740.28	2737.76	2739.64	2198	0	25
2024.11.04	01:45:00	2739.63	2739.89	2738.24	2738.33	1680	0	25
2024.11.04	02:00:00	2738.33	2739.92	2737.21	2737.83	2547	0	25
2024.11.04	02:15:00	2737.82	2739.69	2736.96	2739.50	2162	0	25
2024.11.04	02:30:00	2739.51	2739.51	2737.96	2738.45	1946	0	25
2024.11.04	02:45:00	2738.45	2740.89	2738.45	2740.34	2636	0	25
2024.11.04	03:00:00	2740.34	2741.31	2735.34	2736.66	7098	0	25
2024.11.04	03:15:00	2736.64	2739.21	2736.46	2738.09	5184	0	25
2024.11.04	03:30:00	2738.08	2739.80	2737.32	2738.21	5406	0	25
2024.11.04	03:45:00	2738.22	2741.11	2737.62	2739.86	4802	0	25
2024.11.04	04:00:00	2739.87	2740.90	2737.99	2738.04	4780	0	25
2024.11.04	04:15:00	2738.05	2739.03	2736.94	2738.50	3560	0	25
2024.11.04	04:30:00	2738.50	2739.36	2737.16	2739.01	3877	0	25
2024.11.04	04:45:00	2739.01	2740.45	2738.19	2739.90	3605	0	25
2024.11.04	05:00:00	2739.90	2741.98	2739.28	2741.87	4165	0	25
2024.11.04	05:15:00	2741.93	2742.20	2740.15	2742.06	4570	0	25
2024.11.04	05:30:00	2742.11	2742.32	2740.49	2741.19	2761	0	25
2024.11.04	05:45:00	2741.19	2741.31	2740.34	2740.95	2147	0	25
2024.11.04	06:00:00	2740.91	2741.96	2740.37	2741.27	2196	0	25
2024.11.04	06:15:00	2741.26	2741.33	2739.74	2739.85	1391	0	25
2024.11.04	06:30:00	2739.84	2741.94	2739.70	2741.78	1514	0	25
2024.11.04	06:45:00	2741.79	2742.12	2740.65	2740.96	1970	0	25
2024.11.04	07:00:00	2740.96	2742.74	2739.96	2742.67	3842	0	25
2024.11.04	07:15:00	2742.67	2743.64	2740.78	2741.00	3328	0	25
2024.11.04	07:30:00	2740.99	2741.02	2738.44	2739.30	5086	0	25
2024.11.04	07:45:00	2739.30	2741.49	2737.69	2741.46	5078	0	25
2024.11.04	08:00:00	2741.46	2741.57	2737.45	2737.94	5103	0	25
2024.11.04	08:15:00	2737.93	2738.56	2735.76	2738.30	5215	0	25
2024.11.04	08:30:00	2738.29	2738.60	2736.99	2738.04	4056	0	25
2024.11.04	08:45:00	2738.04	2741.44	2737.56	2741.36	4782	0	25
2024.11.04	09:00:00	2741.34	2744.67	2740.65	2742.66	6337	0	25
2024.11.04	09:15:00	2742.66	2743.07	2739.61	2739.89	3415	0	25
2024.11.04	09:30:00	2739.90	2740.43	2738.11	2738.19	3969	0	25
2024.11.04	09:45:00	2738.15	2738.16	2735.04	2735.81	4573	0	25
2024.11.04	10:00:00	2735.83	2737.22	2734.21	2735.86	5543	0	25
2024.11.04	10:15:00	2735.86	2736.35	2733.87	2735.67	4588	0	25
2024.11.04	10:30:00	2735.69	2738.32	2734.72	2736.47	5167	0	25
2024.11.04	10:45:00	2736.49	2737.02	2731.87	2733.34	5112	0	25
2024.11.04	11:00:00	2733.34	2734.95	2732.53	2733.79	4518	0	25
2024.11.04	11:15:00	2733.80	2741.68	2733.80	2741.06	6158	0	25
2024.11.04	11:30:00	2741.07	2743.18	2740.64	2740.65	6208	0	25
2024.11.04	11:45:00	2740.63	2743.99	2739.63	2743.23	5911	0	25
2024.11.04	12:00:00	2743.23	2745.15	2742.28	2744.46	5135	0	25
2024.11.04	12:15:00	2744.47	2744.49	2741.23	2742.00	4113	0	25
2024.11.04	12:30:00	2742.01	2742.29	2740.21	2740.97	3809	0	25
2024.11.04	12:45:00	2740.97	2741.21	2737.25	2738.58	4013	0	25
2024.11.04	13:00:00	2738.58	2740.06	2737.05	2737.91	4191	0	25
2024.11.04	13:15:00	2737.90	2738.48	2736.48	2737.82	3584	0	25
2024.11.04	13:30:00	2737.83	2740.70	2737.71	2739.25	4495	0	25
2024.11.04	13:45:00	2739.23	2740.95	2739.07	2740.51	3460	0	25
2024.11.04	14:00:00	2740.49	2743.02	2740.16	2740.83	4833	0	25
2024.11.04	14:15:00	2740.83	2742.06	2739.76	2740.17	4111	0	25
2024.11.04	14:30:00	2740.20	2742.13	2739.44	2741.94	4513	0	25
2024.11.04	14:45:00	2741.95	2743.92	2741.88	2743.32	4693	0	25
2024.11.04	15:00:00	2743.28	2744.47	2742.00	2744.04	7355	0	25
2024.11.04	15:15:00	2744.04	2744.76	2739.86	2740.69	7568	0	25
2024.11.04	15:30:00	2740.69	2744.87	2738.71	2744.53	8120	0	25
2024.11.04	15:45:00	2744.51	2746.72	2744.12	2746.69	6648	0	25
2024.11.04	16:00:00	2746.72	2748.15	2745.20	2745.88	7425	0	25
2024.11.04	16:15:00	2745.87	2746.09	2742.15	2742.84	6934	0	25
2024.11.04	16:30:00	2742.83	2745.54	2737.90	2745.40	9088	0	25
2024.11.04	16:45:00	2745.38	2745.52	2740.77	2743.33	7695	0	25
2024.11.04	17:00:00	2743.35	2744.92	2741.24	2744.44	8521	0	25
2024.11.04	17:15:00	2744.45	2745.47	2741.39	2741.61	7787	0	25
2024.11.04	17:30:00	2741.60	2742.51	2737.71	2741.44	8398	0	25
2024.11.04	17:45:00	2741.43	2741.59	2737.71	2738.52	7704	0	25
2024.11.04	18:00:00	2738.51	2738.85	2735.22	2735.51	7852	0	25
2024.11.04	18:15:00	2735.51	2738.08	2734.76	2737.74	6760	0	25
2024.11.04	18:30:00	2737.72	2738.76	2735.01	2735.20	6128	0	25
2024.11.04	18:45:00	2735.18	2735.60	2732.33	2734.18	5588	0	25
2024.11.04	19:00:00	2734.18	2735.07	2731.74	2734.56	5359	0	25
2024.11.04	19:15:00	2734.56	2737.89	2734.00	2737.52	4689	0	25
2024.11.04	19:30:00	2737.52	2737.96	2735.69	2736.23	4056	0	25
2024.11.04	19:45:00	2736.23	2738.40	2735.15	2738.28	4382	0	25
2024.11.04	20:00:00	2738.28	2738.57	2735.58	2737.01	5184	0	25
2024.11.04	20:15:00	2736.99	2738.56	2736.55	2736.83	5277	0	25
2024.11.04	20:30:00	2736.82	2739.18	2736.44	2738.01	3934	0	25
2024.11.04	20:45:00	2737.96	2738.27	2737.06	2738.07	3201	0	25
2024.11.04	21:00:00	2738.08	2739.36	2737.66	2738.15	3596	0	25
2024.11.04	21:15:00	2738.15	2738.77	2737.45	2737.59	3170	0	25
2024.11.04	21:30:00	2737.59	2739.61	2737.24	2738.84	3084	0	25
2024.11.04	21:45:00	2738.83	2739.42	2738.19	2738.25	3385	0	25
2024.11.04	22:00:00	2738.23	2738.26	2736.34	2736.93	2421	0	25
2024.11.04	22:15:00	2736.93	2738.40	2736.55	2738.24	2618	0	25
2024.11.04	22:30:00	2738.24	2738.53	2736.36	2737.18	2958	0	25
2024.11.04	22:45:00	2737.19	2737.82	2736.49	2737.28	2941	0	25
2024.11.04	23:00:00	2737.28	2737.58	2736.44	2736.58	891	0	25
2024.11.04	23:15:00	2736.58	2736.60	2735.85	2736.23	640	0	25
2024.11.04	23:30:00	2736.21	2736.96	2736.04	2736.10	544	0	25
2024.11.04	23:45:00	2736.08	2736.47	2735.93	2736.31	674	0	30
2024.11.05	01:00:00	2737.87	2737.97	2735.90	2737.36	747	0	25
2024.11.05	01:15:00	2737.34	2737.34	2736.67	2736.79	561	0	25
2024.11.05	01:30:00	2736.75	2737.01	2736.36	2736.95	849	0	25
2024.11.05	01:45:00	2736.95	2737.36	2735.99	2736.00	1267	0	25
2024.11.05	02:00:00	2736.00	2736.18	2734.10	2734.45	2084	0	25
2024.11.05	02:15:00	2734.44	2736.50	2734.05	2736.39	1720	0	25
2024.11.05	02:30:00	2736.38	2736.57	2735.43	2736.17	1112	0	25
2024.11.05	02:45:00	2736.16	2736.60	2734.89	2735.03	1322	0	25
2024.11.05	03:00:00	2735.03	2735.63	2734.00	2734.28	4400	0	25
2024.11.05	03:15:00	2734.24	2735.24	2732.91	2733.60	3920	0	25
2024.11.05	03:30:00	2733.61	2735.10	2732.89	2733.71	3892	0	25
2024.11.05	03:45:00	2733.72	2736.10	2733.08	2734.20	4294	0	25
2024.11.05	04:00:00	2734.20	2735.26	2733.19	2734.84	4228	0	25
2024.11.05	04:15:00	2734.83	2735.16	2733.44	2733.94	2677	0	25
2024.11.05	04:30:00	2733.94	2734.69	2725.59	2726.15	7789	0	25
2024.11.05	04:45:00	2726.18	2728.89	2724.70	2728.40	6064	0	25
2024.11.05	05:00:00	2728.41	2730.63	2727.97	2729.27	4807	0	25
2024.11.05	05:15:00	2729.28	2730.46	2727.72	2730.24	3547	0	25
2024.11.05	05:30:00	2730.26	2734.25	2729.97	2733.83	3415	0	25
2024.11.05	05:45:00	2733.83	2735.86	2733.24	2735.21	3681	0	25
2024.11.05	06:00:00	2735.21	2735.89	2734.73	2735.03	2456	0	25
2024.11.05	06:15:00	2735.03	2736.27	2734.62	2735.24	2078	0	25
2024.11.05	06:30:00	2735.25	2735.28	2733.10	2734.88	2911	0	25
2024.11.05	06:45:00	2734.88	2735.36	2733.83	2734.40	1498	0	25
2024.11.05	07:00:00	2734.39	2735.35	2733.90	2735.21	2397	0	25
2024.11.05	07:15:00	2735.22	2736.47	2735.20	2735.69	2266	0	25
2024.11.05	07:30:00	2735.69	2737.12	2735.11	2735.44	4475	0	25
2024.11.05	07:45:00	2735.47	2735.48	2731.90	2732.54	4206	0	25
2024.11.05	08:00:00	2732.54	2734.71	2731.72	2733.97	4495	0	25
2024.11.05	08:15:00	2733.96	2734.89	2733.11	2734.05	4006	0	25
2024.11.05	08:30:00	2734.04	2738.21	2733.75	2737.69	5307	0	25
2024.11.05	08:45:00	2737.68	2738.73	2737.10	2737.70	4419	0	25
2024.11.05	09:00:00	2737.70	2740.95	2737.10	2740.58	4150	0	25
2024.11.05	09:15:00	2740.58	2741.25	2739.36	2740.72	3917	0	25
2024.11.05	09:30:00	2740.72	2740.73	2736.13	2736.38	3705	0	25
2024.11.05	09:45:00	2736.38	2737.11	2735.15	2736.43	4069	0	25
2024.11.05	10:00:00	2736.43	2736.44	2732.08	2732.41	5127	0	25
2024.11.05	10:15:00	2732.43	2736.30	2732.25	2736.01	5578	0	25
2024.11.05	10:30:00	2736.02	2739.87	2735.73	2738.84	4788	0	25
2024.11.05	10:45:00	2738.84	2743.14	2738.79	2742.41	5572	0	25
2024.11.05	11:00:00	2742.41	2744.78	2741.65	2744.59	5291	0	25
2024.11.05	11:15:00	2744.58	2744.91	2742.38	2742.76	4535	0	25
2024.11.05	11:30:00	2742.77	2742.87	2741.12	2742.05	3715	0	25
2024.11.05	11:45:00	2742.04	2742.12	2738.86	2739.90	4164	0	25
2024.11.05	12:00:00	2739.90	2740.05	2737.15	2737.61	4248	0	25
2024.11.05	12:15:00	2737.61	2737.81	2735.57	2737.53	3857	0	25
2024.11.05	12:30:00	2737.54	2740.16	2736.87	2738.85	4787	0	25
2024.11.05	12:45:00	2738.86	2739.48	2737.16	2737.81	3229	0	25
2024.11.05	13:00:00	2737.80	2740.37	2737.80	2739.95	3617	0	25
2024.11.05	13:15:00	2739.96	2740.96	2738.65	2740.93	3359	0	25
2024.11.05	13:30:00	2740.94	2742.45	2739.91	2740.30	4289	0	25
2024.11.05	13:45:00	2740.31	2742.94	2739.32	2741.60	4546	0	25
2024.11.05	14:00:00	2741.59	2743.05	2741.31	2742.11	3801	0	25
2024.11.05	14:15:00	2742.08	2742.49	2740.00	2740.31	3407	0	25
2024.11.05	14:30:00	2740.28	2740.66	2739.09	2739.63	3333	0	25
2024.11.05	14:45:00	2739.63	2740.40	2737.56	2737.92	3674	0	25
2024.11.05	15:00:00	2737.94	2738.95	2736.99	2738.48	6035	0	25
2024.11.05	15:15:00	2738.51	2741.96	2736.36	2741.85	6398	0	25
2024.11.05	15:30:00	2741.87	2744.46	2741.25	2744.41	6897	0	25
2024.11.05	15:45:00	2744.40	2746.65	2743.47	2744.63	7640	0	25
2024.11.05	16:00:00	2744.64	2746.71	2743.18	2744.24	6519	0	25
2024.11.05	16:15:00	2744.23	2747.66	2743.45	2747.62	5957	0	25
2024.11.05	16:30:00	2747.62	2749.87	2744.18	2745.18	8834	0	25
2024.11.05	16:45:00	2745.16	2747.01	2741.44	2746.67	7627	0	25
2024.11.05	17:00:00	2746.66	2746.70	2736.67	2737.85	11433	0	25
2024.11.05	17:15:00	2737.85	2738.51	2733.47	2734.03	9178	0	25
2024.11.05	17:30:00	2734.07	2738.74	2733.00	2738.09	8451	0	25
2024.11.05	17:45:00	2738.10	2742.13	2737.37	2741.94	7818	0	25
2024.11.05	18:00:00	2741.94	2744.44	2740.98	2742.02	6832	0	25
2024.11.05	18:15:00	2742.01	2742.03	2737.70	2737.91	5964	0	25
2024.11.05	18:30:00	2737.92	2738.74	2736.32	2737.95	5569	0	25
2024.11.05	18:45:00	2737.95	2741.21	2737.81	2738.92	5322	0	25
2024.11.05	19:00:00	2738.91	2741.95	2738.19	2741.82	4357	0	25
2024.11.05	19:15:00	2741.82	2743.60	2741.72	2743.14	4642	0	25
2024.11.05	19:30:00	2743.15	2743.49	2740.74	2741.78	4087	0	25
2024.11.05	19:45:00	2741.77	2742.86	2741.48	2741.95	3841	0	25
2024.11.05	20:00:00	2741.96	2743.84	2741.12	2741.85	4362	0	25
2024.11.05	20:15:00	2741.87	2742.03	2739.68	2740.51	4651	0	25
2024.11.05	20:30:00	2740.51	2741.29	2739.32	2741.09	3594	0	25
2024.11.05	20:45:00	2741.09	2741.92	2740.69	2741.18	3409	0	25
2024.11.05	21:00:00	2741.17	2741.43	2739.50	2740.19	2814	0	25
2024.11.05	21:15:00	2740.19	2742.20	2739.96	2740.57	3003	0	25
2024.11.05	21:30:00	2740.57	2742.17	2740.03	2742.10	2819	0	25
2024.11.05	21:45:00	2742.11	2742.20	2740.17	2740.48	3084	0	25
2024.11.05	22:00:00	2740.48	2741.88	2739.65	2741.54	2355	0	25
2024.11.05	22:15:00	2741.54	2741.81	2740.89	2741.52	2203	0	25
2024.11.05	22:30:00	2741.52	2741.79	2740.48	2740.87	2215	0	25
2024.11.05	22:45:00	2740.88	2743.41	2740.29	2742.97	3123	0	25
2024.11.05	23:00:00	2742.97	2743.68	2742.51	2743.54	1083	0	25
2024.11.05	23:15:00	2743.55	2744.77	2743.32	2744.49	999	0	25
2024.11.05	23:30:00	2744.48	2744.84	2743.93	2744.12	856	0	27
2024.11.05	23:45:00	2744.12	2744.18	2743.40	2743.68	1163	0	29
2024.11.06	01:00:00	2742.91	2743.98	2742.04	2743.32	1283	0	25
2024.11.06	01:15:00	2743.33	2743.88	2742.60	2743.75	1093	0	25
2024.11.06	01:30:00	2743.72	2744.91	2742.90	2744.79	1534	0	25
2024.11.06	01:45:00	2744.80	2746.34	2744.40	2745.59	1898	0	25
2024.11.06	02:00:00	2745.58	2745.60	2741.81	2742.71	3606	0	25
2024.11.06	02:15:00	2742.67	2743.56	2735.30	2737.36	6408	0	25
2024.11.06	02:30:00	2737.36	2740.03	2736.47	2739.31	6391	0	25
2024.11.06	02:45:00	2739.25	2740.12	2737.01	2737.92	5158	0	25
2024.11.06	03:00:00	2737.93	2738.76	2732.62	2738.76	9615	0	25
2024.11.06	03:15:00	2738.76	2742.59	2738.08	2741.11	8172	0	25
2024.11.06	03:30:00	2741.10	2748.18	2740.13	2747.62	8752	0	25
2024.11.06	03:45:00	2747.61	2749.54	2744.79	2747.06	8236	0	25
2024.11.06	04:00:00	2747.07	2748.24	2742.69	2743.77	9171	0	25
2024.11.06	04:15:00	2743.74	2748.18	2743.51	2746.20	8046	0	25
2024.11.06	04:30:00	2746.19	2746.21	2739.13	2741.42	9703	0	25
2024.11.06	04:45:00	2741.42	2745.00	2736.76	2737.42	8461	0	25
2024.11.06	05:00:00	2737.43	2741.09	2735.34	2739.64	8946	0	25
2024.11.06	05:15:00	2739.60	2743.42	2730.69	2731.43	8627	0	25
2024.11.06	05:30:00	2731.41	2738.13	2730.68	2734.76	8111	0	25
2024.11.06	05:45:00	2734.76	2735.58	2732.98	2734.08	6641	0	25
2024.11.06	06:00:00	2734.08	2738.70	2733.15	2738.61	5573	0	25
2024.11.06	06:15:00	2738.63	2739.10	2736.05	2736.20	4993	0	25
2024.11.06	06:30:00	2736.19	2741.03	2736.07	2739.80	5063	0	25
2024.11.06	06:45:00	2739.79	2742.89	2739.70	2741.73	6351	0	25
2024.11.06	07:00:00	2741.73	2743.57	2738.27	2739.01	6971	0	25
2024.11.06	07:15:00	2739.03	2742.44	2739.02	2739.55	5824	0	25
2024.11.06	07:30:00	2739.55	2740.43	2736.42	2739.61	8710	0	25
2024.11.06	07:45:00	2739.66	2741.25	2738.48	2738.99	6467	0	25
2024.11.06	08:00:00	2739.00	2739.27	2731.48	2732.50	7049	0	25
2024.11.06	08:15:00	2732.55	2735.72	2715.59	2717.12	9907	0	25
2024.11.06	08:30:00	2717.13	2720.74	2701.39	2704.19	13163	0	25
2024.11.06	08:45:00	2704.19	2715.22	2703.95	2706.99	11375	0	25
2024.11.06	09:00:00	2706.99	2722.20	2704.10	2722.00	8601	0	25
2024.11.06	09:15:00	2722.00	2733.06	2720.31	2725.62	9643	0	25
2024.11.06	09:30:00	2725.66	2728.76	2719.60	2720.79	7614	0	25
2024.11.06	09:45:00	2720.80	2728.14	2720.75	2725.84	8299	0	25
2024.11.06	10:00:00	2725.84	2727.87	2723.10	2726.14	8035	0	25
2024.11.06	10:15:00	2726.15	2733.65	2725.68	2729.25	8473	0	25
2024.11.06	10:30:00	2729.25	2730.64	2726.25	2729.69	6984	0	25
2024.11.06	10:45:00	2729.69	2730.80	2722.75	2724.48	5970	0	25
2024.11.06	11:00:00	2724.48	2728.48	2721.53	2726.21	7183	0	25
2024.11.06	11:15:00	2726.22	2726.27	2719.28	2722.30	6007	0	25
2024.11.06	11:30:00	2722.30	2722.37	2716.42	2717.74	5242	0	25
2024.11.06	11:45:00	2717.82	2726.01	2716.73	2724.59	5189	0	25
2024.11.06	12:00:00	2724.59	2726.65	2722.30	2723.53	4796	0	25
2024.11.06	12:15:00	2723.49	2726.98	2722.11	2725.17	4367	0	25
2024.11.06	12:30:00	2725.26	2727.09	2722.01	2722.40	4225	0	25
2024.11.06	12:45:00	2722.39	2722.49	2718.65	2720.23	3931	0	25
2024.11.06	13:00:00	2720.22	2722.71	2719.89	2721.01	4191	0	25
2024.11.06	13:15:00	2721.01	2721.33	2711.01	2711.04	5825	0	25
2024.11.06	13:30:00	2711.03	2712.68	2704.33	2707.11	7497	0	25
2024.11.06	13:45:00	2707.09	2708.07	2696.19	2699.34	8549	0	25
2024.11.06	14:00:00	2699.30	2707.58	2698.40	2707.24	7592	0	25
2024.11.06	14:15:00	2707.30	2707.93	2698.70	2700.34	7706	0	25
2024.11.06	14:30:00	2700.37	2703.14	2693.25	2700.55	9215	0	25
2024.11.06	14:45:00	2700.53	2701.03	2695.08	2695.13	6804	0	25
2024.11.06	15:00:00	2695.13	2695.13	2681.25	2682.27	13009	0	25
2024.11.06	15:15:00	2682.27	2683.42	2675.77	2676.27	10475	0	25
2024.11.06	15:30:00	2676.31	2676.44	2659.04	2660.92	12427	0	25
2024.11.06	15:45:00	2660.92	2667.28	2660.42	2664.14	10980	0	25
2024.11.06	16:00:00	2664.14	2670.31	2657.01	2669.45	10873	0	25
2024.11.06	16:15:00	2669.45	2670.25	2659.50	2659.57	8780	0	25
2024.11.06	16:30:00	2659.53	2659.87	2652.32	2659.03	12658	0	25
2024.11.06	16:45:00	2659.02	2662.33	2652.51	2659.74	12548	0	25
2024.11.06	17:00:00	2659.79	2665.84	2657.42	2664.86	12544	0	25
2024.11.06	17:15:00	2664.88	2668.59	2661.77	2668.25	11008	0	25
2024.11.06	17:30:00	2668.23	2673.97	2666.84	2671.00	11049	0	25
2024.11.06	17:45:00	2671.01	2675.77	2670.94	2675.69	9196	0	25
2024.11.06	18:00:00	2675.66	2678.18	2667.45	2668.70	9231	0	25
2024.11.06	18:15:00	2668.70	2668.80	2662.86	2667.93	8367	0	25
2024.11.06	18:30:00	2667.92	2670.45	2665.20	2665.74	6614	0	25
2024.11.06	18:45:00	2665.73	2668.16	2665.45	2666.16	6187	0	25
2024.11.06	19:00:00	2666.16	2669.13	2664.47	2668.50	6119	0	25
2024.11.06	19:15:00	2668.50	2669.21	2666.19	2666.81	5656	0	25
2024.11.06	19:30:00	2666.82	2667.63	2664.11	2664.59	4763	0	25
2024.11.06	19:45:00	2664.59	2665.00	2661.59	2663.20	4869	0	25
2024.11.06	20:00:00	2663.23	2667.47	2662.86	2666.51	6539	0	25
2024.11.06	20:15:00	2666.54	2669.52	2665.83	2668.04	5999	0	25
2024.11.06	20:30:00	2668.09	2668.26	2664.14	2667.07	4551	0	25
2024.11.06	20:45:00	2667.07	2667.07	2664.87	2665.56	3867	0	25
2024.11.06	21:00:00	2665.56	2668.44	2664.99	2666.46	4386	0	25
2024.11.06	21:15:00	2666.46	2668.18	2665.89	2667.36	3631	0	25
2024.11.06	21:30:00	2667.36	2668.08	2665.62	2666.04	3248	0	25
2024.11.06	21:45:00	2666.07	2667.41	2666.04	2667.00	3626	0	25
2024.11.06	22:00:00	2667.00	2667.69	2664.46	2664.77	3448	0	25
2024.11.06	22:15:00	2664.77	2664.88	2662.45	2662.62	3282	0	25
2024.11.06	22:30:00	2662.62	2663.02	2659.70	2659.93	3129	0	25
2024.11.06	22:45:00	2659.93	2661.43	2659.32	2660.62	3946	0	25
2024.11.06	23:00:00	2660.64	2662.23	2660.45	2661.98	1282	0	25
2024.11.06	23:15:00	2661.99	2662.39	2659.14	2660.56	1003	0	25
2024.11.06	23:30:00	2660.56	2660.93	2659.23	2659.57	763	0	25
2024.11.06	23:45:00	2659.57	2659.61	2659.12	2659.16	389	0	25
2024.11.07	01:00:00	2659.27	2664.24	2659.16	2663.57	1667	0	25
2024.11.07	01:15:00	2663.58	2664.23	2662.14	2662.64	1434	0	25
2024.11.07	01:30:00	2662.65	2663.30	2661.15	2663.17	1334	0	25
2024.11.07	01:45:00	2663.17	2664.22	2662.36	2664.00	1887	0	25
2024.11.07	02:00:00	2664.00	2664.05	2661.68	2662.46	2559	0	25
2024.11.07	02:15:00	2662.47	2663.27	2660.92	2662.97	1874	0	25
2024.11.07	02:30:00	2662.99	2664.15	2661.89	2661.89	1889	0	25
2024.11.07	02:45:00	2661.89	2663.38	2660.92	2661.47	2504	0	25
2024.11.07	03:00:00	2661.46	2663.93	2656.13	2658.14	8261	0	25
2024.11.07	03:15:00	2658.14	2658.45	2643.30	2650.61	10980	0	25
2024.11.07	03:30:00	2650.62	2650.97	2646.07	2648.27	8718	0	25
2024.11.07	03:45:00	2648.28	2651.13	2648.24	2649.41	6921	0	25
2024.11.07	04:00:00	2649.41	2656.51	2649.39	2654.87	6517	0	25
2024.11.07	04:15:00	2654.86	2657.20	2653.49	2653.65	4467	0	25
2024.11.07	04:30:00	2653.64	2655.84	2651.12	2655.04	6338	0	25
2024.11.07	04:45:00	2655.04	2657.45	2653.79	2657.37	5214	0	25
2024.11.07	05:00:00	2657.37	2659.38	2655.65	2656.40	4796	0	25
2024.11.07	05:15:00	2656.40	2658.05	2655.76	2656.42	4061	0	25
2024.11.07	05:30:00	2656.47	2660.64	2656.47	2659.39	3906	0	25
2024.11.07	05:45:00	2659.36	2661.20	2658.80	2659.17	2642	0	25
2024.11.07	06:00:00	2659.18	2659.60	2656.42	2658.45	3509	0	25
2024.11.07	06:15:00	2658.45	2658.72	2656.95	2657.63	2342	0	25
2024.11.07	06:30:00	2657.61	2658.27	2655.26	2655.75	2376	0	25
2024.11.07	06:45:00	2655.75	2656.09	2654.09	2654.56	2730	0	25
2024.11.07	07:00:00	2654.56	2659.11	2654.56	2658.72	4070	0	25
2024.11.07	07:15:00	2658.69	2659.58	2657.65	2657.81	3266	0	25
2024.11.07	07:30:00	2657.85	2658.98	2657.07	2657.36	5241	0	25
2024.11.07	07:45:00	2657.37	2660.66	2656.75	2659.16	5114	0	25
2024.11.07	08:00:00	2659.14	2659.41	2652.78	2654.56	6409	0	25
2024.11.07	08:15:00	2654.56	2658.55	2654.53	2656.18	5551	0	25
2024.11.07	08:30:00	2656.16	2657.52	2655.11	2655.94	4844	0	25
2024.11.07	08:45:00	2655.94	2657.19	2655.01	2657.00	4174	0	25
2024.11.07	09:00:00	2657.00	2660.95	2656.12	2659.91	6124	0	25
2024.11.07	09:15:00	2659.91	2667.54	2659.91	2664.66	7370	0	25
2024.11.07	09:30:00	2664.68	2667.21	2663.72	2664.19	6135	0	25
2024.11.07	09:45:00	2664.19	2665.06	2662.64	2663.28	4524	0	25
2024.11.07	10:00:00	2663.27	2666.23	2661.78	2665.38	6513	0	25
2024.11.07	10:15:00	2665.40	2666.64	2662.57	2662.90	6231	0	25
2024.11.07	10:30:00	2662.91	2663.26	2660.51	2661.15	5603	0	25
2024.11.07	10:45:00	2661.15	2661.47	2657.34	2657.60	4979	0	25
2024.11.07	11:00:00	2657.58	2663.01	2657.50	2659.90	5519	0	25
2024.11.07	11:15:00	2659.90	2666.01	2659.18	2664.54	4481	0	25
2024.11.07	11:30:00	2664.53	2665.16	2662.33	2663.71	4480	0	25
2024.11.07	11:45:00	2663.71	2664.41	2661.52	2661.67	4846	0	25
2024.11.07	12:00:00	2661.67	2665.20	2659.80	2664.95	4817	0	25
2024.11.07	12:15:00	2664.95	2668.06	2664.50	2665.27	4614	0	25
2024.11.07	12:30:00	2665.25	2668.17	2664.91	2666.39	4818	0	25
2024.11.07	12:45:00	2666.40	2668.31	2666.17	2666.54	4176	0	25
2024.11.07	13:00:00	2666.52	2666.86	2663.92	2664.66	4761	0	25
2024.11.07	13:15:00	2664.64	2666.64	2664.10	2665.28	3781	0	25
2024.11.07	13:30:00	2665.29	2667.13	2664.83	2665.52	3909	0	25
2024.11.07	13:45:00	2665.51	2668.08	2663.79	2666.21	3871	0	25
2024.11.07	14:00:00	2666.21	2667.44	2664.28	2665.67	6052	0	25
2024.11.07	14:15:00	2665.68	2668.68	2664.83	2666.61	5114	0	25
2024.11.07	14:30:00	2666.60	2670.60	2666.46	2670.15	5043	0	25
2024.11.07	14:45:00	2670.14	2673.97	2669.61	2673.60	6463	0	25
2024.11.07	15:00:00	2673.60	2678.56	2672.28	2677.66	9711	0	25
2024.11.07	15:15:00	2677.65	2683.11	2674.87	2681.23	9465	0	25
2024.11.07	15:30:00	2681.23	2683.98	2678.08	2683.31	11443	0	25
2024.11.07	15:45:00	2683.30	2685.06	2682.10	2684.49	9506	0	25
2024.11.07	16:00:00	2684.49	2686.68	2682.31	2683.43	8599	0	25
2024.11.07	16:15:00	2683.43	2690.90	2683.41	2689.92	9258	0	25
2024.11.07	16:30:00	2689.92	2694.55	2688.08	2690.80	10992	0	25
2024.11.07	16:45:00	2690.78	2694.91	2689.29	2691.81	10072	0	25
2024.11.07	17:00:00	2691.79	2696.80	2690.07	2695.80	10417	0	25
2024.11.07	17:15:00	2695.83	2699.83	2693.54	2698.83	9512	0	25
2024.11.07	17:30:00	2698.83	2700.07	2695.44	2698.59	9193	0	25
2024.11.07	17:45:00	2698.57	2699.14	2695.94	2698.72	8873	0	25
2024.11.07	18:00:00	2698.72	2699.40	2695.32	2697.06	8392	0	25
2024.11.07	18:15:00	2697.06	2697.44	2690.63	2691.91	8662	0	25
2024.11.07	18:30:00	2691.91	2697.54	2691.90	2696.85	7173	0	25
2024.11.07	18:45:00	2696.85	2697.09	2693.47	2695.72	6354	0	25
2024.11.07	19:00:00	2695.72	2698.31	2694.19	2698.08	5785	0	25
2024.11.07	19:15:00	2698.08	2699.59	2697.43	2699.20	5073	0	25
2024.11.07	19:30:00	2699.19	2700.05	2698.11	2699.35	5254	0	25
2024.11.07	19:45:00	2699.34	2700.26	2698.13	2699.32	4922	0	25
2024.11.07	20:00:00	2699.31	2699.34	2696.46	2696.58	5005	0	25
2024.11.07	20:15:00	2696.59	2698.69	2695.91	2698.12	4890	0	25
2024.11.07	20:30:00	2698.10	2699.32	2696.75	2697.08	4068	0	25
2024.11.07	20:45:00	2697.06	2697.06	2693.95	2695.50	4124	0	25
2024.11.07	21:00:00	2695.45	2697.98	2688.68	2692.85	10910	0	25
2024.11.07	21:15:00	2692.82	2694.21	2690.00	2690.49	7435	0	25
2024.11.07	21:30:00	2690.49	2695.60	2687.48	2691.09	11579	0	25
2024.11.07	21:45:00	2691.09	2695.83	2690.23	2694.27	11074	0	25
2024.11.07	22:00:00	2694.25	2705.38	2692.82	2704.91	10046	0	25
2024.11.07	22:15:00	2704.90	2710.13	2704.77	2707.16	7645	0	25
2024.11.07	22:30:00	2707.15	2708.60	2703.07	2703.54	5650	0	25
2024.11.07	22:45:00	2703.54	2704.91	2701.98	2704.30	4843	0	25
2024.11.07	23:00:00	2704.38	2706.47	2703.58	2704.69	2044	0	25
2024.11.07	23:15:00	2704.69	2707.35	2704.62	2706.05	1503	0	25
2024.11.07	23:30:00	2706.05	2708.20	2706.00	2707.91	1294	0	25
2024.11.07	23:45:00	2707.87	2708.37	2706.83	2707.04	1023	0	25
2024.11.08	01:00:00	2705.61	2705.67	2704.07	2704.68	1264	0	25
2024.11.08	01:15:00	2704.67	2706.30	2704.62	2706.00	1322	0	25
2024.11.08	01:30:00	2705.98	2707.97	2705.89	2706.40	1642	0	25
2024.11.08	01:45:00	2706.41	2707.06	2705.35	2706.85	1617	0	25
2024.11.08	02:00:00	2706.85	2709.21	2706.85	2708.69	2014	0	25
2024.11.08	02:15:00	2708.69	2710.36	2707.94	2709.03	1908	0	25
2024.11.08	02:30:00	2709.03	2709.99	2707.87	2708.56	1975	0	25
2024.11.08	02:45:00	2708.57	2708.61	2705.59	2706.28	3117	0	25
2024.11.08	03:00:00	2706.33	2707.57	2699.51	2699.69	8254	0	25
2024.11.08	03:15:00	2699.70	2702.47	2699.49	2701.54	5778	0	25
2024.11.08	03:30:00	2701.55	2702.66	2699.16	2700.82	6255	0	25
2024.11.08	03:45:00	2700.87	2702.84	2699.52	2699.84	5473	0	25
2024.11.08	04:00:00	2699.85	2699.86	2695.10	2698.38	6783	0	25
2024.11.08	04:15:00	2698.36	2700.04	2698.36	2699.67	3188	0	25
2024.11.08	04:30:00	2699.67	2700.99	2696.65	2696.93	5640	0	25
2024.11.08	04:45:00	2696.93	2698.06	2696.00	2697.46	5094	0	25
2024.11.08	05:00:00	2697.46	2700.42	2696.28	2700.06	4418	0	25
2024.11.08	05:15:00	2700.06	2700.37	2695.38	2695.50	4606	0	25
2024.11.08	05:30:00	2695.51	2696.73	2694.28	2694.31	3303	0	25
2024.11.08	05:45:00	2694.31	2696.04	2694.05	2695.15	2782	0	25
2024.11.08	06:00:00	2695.14	2695.41	2693.91	2695.29	2742	0	25
2024.11.08	06:15:00	2695.29	2696.06	2693.77	2693.92	2789	0	25
2024.11.08	06:30:00	2693.93	2696.01	2693.23	2693.91	2622	0	25
2024.11.08	06:45:00	2693.90	2695.02	2693.45	2693.57	1620	0	25
2024.11.08	07:00:00	2693.56	2695.68	2693.56	2695.14	3010	0	25
2024.11.08	07:15:00	2695.15	2696.15	2694.57	2695.69	2814	0	25
2024.11.08	07:30:00	2695.69	2696.24	2694.43	2694.79	5053	0	25
2024.11.08	07:45:00	2694.78	2696.06	2693.93	2695.15	4592	0	25
2024.11.08	08:00:00	2695.16	2695.77	2688.97	2690.57	6213	0	25
2024.11.08	08:15:00	2690.59	2691.92	2686.74	2687.05	7063	0	25
2024.11.08	08:30:00	2687.04	2687.88	2686.00	2687.13	5428	0	25
2024.11.08	08:45:00	2687.13	2689.12	2686.35	2686.44	5230	0	25
2024.11.08	09:00:00	2686.44	2686.44	2683.18	2683.18	4871	0	25
2024.11.08	09:15:00	2683.20	2685.38	2680.31	2683.15	6166	0	25
2024.11.08	09:30:00	2683.15	2686.42	2681.75	2686.33	4830	0	25
2024.11.08	09:45:00	2686.33	2687.81	2685.03	2687.35	4935	0	25
2024.11.08	10:00:00	2687.34	2688.75	2681.93	2685.17	9505	0	25
2024.11.08	10:15:00	2685.12	2688.09	2683.56	2687.78	8247	0	25
2024.11.08	10:30:00	2687.76	2691.70	2685.55	2686.03	8026	0	25
2024.11.08	10:45:00	2686.03	2689.85	2685.77	2688.69	6472	0	25
2024.11.08	11:00:00	2688.69	2690.84	2687.86	2690.80	5791	0	25
2024.11.08	11:15:00	2690.80	2690.94	2687.20	2689.25	5324	0	25
2024.11.08	11:30:00	2689.25	2689.95	2687.13	2688.86	5207	0	25
2024.11.08	11:45:00	2688.85	2689.72	2687.07	2689.20	4641	0	25
2024.11.08	12:00:00	2689.19	2689.28	2685.52	2686.91	4832	0	25
2024.11.08	12:15:00	2686.91	2687.22	2681.97	2685.22	5121	0	25
2024.11.08	12:30:00	2685.24	2687.91	2684.71	2687.80	4781	0	25
2024.11.08	12:45:00	2687.79	2688.77	2686.20	2688.50	5059	0	25
2024.11.08	13:00:00	2688.48	2689.40	2686.70	2688.25	4282	0	25
2024.11.08	13:15:00	2688.24	2689.17	2687.80	2688.80	3871	0	25
2024.11.08	13:30:00	2688.82	2693.93	2688.42	2693.21	4860	0	25
2024.11.08	13:45:00	2693.19	2694.87	2691.03	2691.85	5305	0	25
2024.11.08	14:00:00	2691.85	2692.06	2689.06	2689.65	4718	0	25
2024.11.08	14:15:00	2689.65	2690.82	2686.22	2688.42	5450	0	25
2024.11.08	14:30:00	2688.42	2690.66	2688.37	2689.83	5191	0	25
2024.11.08	14:45:00	2689.83	2693.06	2689.78	2691.94	5209	0	25
2024.11.08	15:00:00	2691.94	2691.98	2687.82	2691.03	8929	0	25
2024.11.08	15:15:00	2691.05	2695.46	2690.20	2694.98	9158	0	25
2024.11.08	15:30:00	2694.98	2696.48	2690.53	2694.73	9200	0	25
2024.11.08	15:45:00	2694.74	2700.98	2694.63	2697.50	9262	0	25
2024.11.08	16:00:00	2697.50	2703.95	2695.86	2700.49	10047	0	25
2024.11.08	16:15:00	2700.51	2700.87	2696.52	2696.56	7971	0	25
2024.11.08	16:30:00	2696.57	2699.77	2691.28	2691.37	10567	0	25
2024.11.08	16:45:00	2691.35	2693.70	2687.78	2691.51	9395	0	25
2024.11.08	17:00:00	2691.52	2692.30	2683.80	2685.50	10658	0	25
2024.11.08	17:15:00	2685.53	2691.68	2683.41	2690.23	10118	0	25
2024.11.08	17:30:00	2690.22	2692.74	2688.16	2688.61	8812	0	25
2024.11.08	17:45:00	2688.61	2689.53	2686.00	2687.52	7823	0	25
2024.11.08	18:00:00	2687.55	2687.55	2685.14	2685.95	7184	0	25
2024.11.08	18:15:00	2685.91	2687.28	2684.63	2687.07	7443	0	25
2024.11.08	18:30:00	2687.07	2689.27	2683.82	2687.81	6767	0	25
2024.11.08	18:45:00	2687.82	2688.67	2682.93	2683.21	5630	0	25
2024.11.08	19:00:00	2683.20	2687.23	2683.20	2686.73	6646	0	25
2024.11.08	19:15:00	2686.75	2688.47	2686.19	2686.46	5233	0	25
2024.11.08	19:30:00	2686.44	2688.21	2685.44	2686.01	4756	0	25
2024.11.08	19:45:00	2686.00	2688.46	2685.60	2687.85	4570	0	25
2024.11.08	20:00:00	2687.84	2688.73	2686.84	2688.11	4997	0	25
2024.11.08	20:15:00	2688.12	2688.72	2686.48	2686.63	4762	0	25
2024.11.08	20:30:00	2686.66	2687.05	2683.84	2684.45	4294	0	25
2024.11.08	20:45:00	2684.44	2685.39	2683.96	2684.95	3468	0	25
2024.11.08	21:00:00	2684.96	2685.57	2683.91	2683.96	3606	0	25
2024.11.08	21:15:00	2683.97	2684.87	2683.27	2683.86	3338	0	25
2024.11.08	21:30:00	2683.85	2686.43	2683.82	2685.57	3255	0	25
2024.11.08	21:45:00	2685.55	2687.45	2685.48	2687.05	3510	0	25
2024.11.08	22:00:00	2687.03	2688.17	2685.79	2686.69	3321	0	25
2024.11.08	22:15:00	2686.69	2688.48	2686.50	2687.99	3164	0	25
2024.11.08	22:30:00	2687.99	2688.33	2686.67	2687.20	2654	0	25
2024.11.08	22:45:00	2687.21	2687.66	2684.95	2685.07	3949	0	25
2024.11.08	23:00:00	2685.07	2685.82	2684.41	2684.93	1184	0	25
2024.11.08	23:15:00	2684.93	2684.93	2682.83	2683.41	1266	0	25
2024.11.08	23:30:00	2683.41	2684.14	2683.16	2683.76	909	0	25
2024.11.08	23:45:00	2683.76	2684.59	2683.45	2684.07	1098	0	29
2024.11.11	01:00:00	2683.41	2683.41	2681.46	2682.90	1718	0	25
2024.11.11	01:15:00	2682.90	2683.61	2682.53	2682.98	1587	0	25
2024.11.11	01:30:00	2682.96	2684.50	2682.25	2683.43	1415	0	25
2024.11.11	01:45:00	2683.40	2685.60	2682.96	2685.55	1417	0	25
2024.11.11	02:00:00	2685.57	2686.09	2683.30	2683.48	2203	0	25
2024.11.11	02:15:00	2683.48	2683.72	2682.62	2683.49	1883	0	25
2024.11.11	02:30:00	2683.49	2684.60	2683.34	2683.80	1470	0	25
2024.11.11	02:45:00	2683.80	2685.29	2683.45	2684.00	1742	0	25
2024.11.11	03:00:00	2683.96	2684.81	2676.16	2677.65	7979	0	25
2024.11.11	03:15:00	2677.66	2678.01	2672.70	2675.63	7589	0	25
2024.11.11	03:30:00	2675.62	2678.31	2674.72	2676.18	6586	0	25
2024.11.11	03:45:00	2676.19	2676.93	2671.81	2672.85	5606	0	25
2024.11.11	04:00:00	2672.85	2674.19	2671.29	2673.16	5304	0	25
2024.11.11	04:15:00	2673.15	2675.10	2672.78	2673.21	3480	0	25
2024.11.11	04:30:00	2673.20	2673.20	2666.48	2669.79	6514	0	25
2024.11.11	04:45:00	2669.80	2672.21	2668.63	2671.90	4744	0	25
2024.11.11	05:00:00	2671.88	2671.92	2668.69	2670.21	3797	0	25
2024.11.11	05:15:00	2670.21	2670.46	2668.05	2668.62	3022	0	25
2024.11.11	05:30:00	2668.62	2670.67	2667.99	2670.66	2444	0	25
2024.11.11	05:45:00	2670.62	2671.56	2670.02	2670.23	2441	0	25
2024.11.11	06:00:00	2670.21	2670.77	2669.43	2669.78	2372	0	25
2024.11.11	06:15:00	2669.74	2670.83	2669.46	2670.43	3584	0	25
2024.11.11	06:30:00	2670.43	2670.92	2669.49	2669.62	3645	0	25
2024.11.11	06:45:00	2669.63	2672.34	2668.80	2672.09	2294	0	25
2024.11.11	07:00:00	2672.08	2674.22	2670.36	2670.93	3434	0	25
2024.11.11	07:15:00	2670.92	2671.94	2666.97	2669.34	3480	0	25
2024.11.11	07:30:00	2669.33	2670.08	2667.24	2669.93	4301	0	25
2024.11.11	07:45:00	2669.91	2671.38	2668.12	2669.17	4388	0	25
2024.11.11	08:00:00	2669.17	2671.91	2668.39	2670.89	4651	0	25
2024.11.11	08:15:00	2670.88	2674.02	2670.79	2672.59	4556	0	25
2024.11.11	08:30:00	2672.60	2673.54	2671.52	2672.57	4070	0	25
2024.11.11	08:45:00	2672.58	2673.61	2671.84	2673.17	3832	0	25
2024.11.11	09:00:00	2673.14	2673.95	2669.37	2672.03	5463	0	25
2024.11.11	09:15:00	2672.03	2672.55	2670.89	2672.33	4425	0	25
2024.11.11	09:30:00	2672.32	2672.62	2670.16	2671.19	4857	0	25
2024.11.11	09:45:00	2671.19	2671.56	2668.80	2669.51	5018	0	25
2024.11.11	10:00:00	2669.52	2671.55	2668.67	2670.92	5521	0	25
2024.11.11	10:15:00	2670.93	2671.64	2668.18	2670.07	5296	0	25
2024.11.11	10:30:00	2670.06	2670.68	2667.55	2669.36	4848	0	25
2024.11.11	10:45:00	2669.40	2670.52	2668.28	2669.50	5291	0	25
2024.11.11	11:00:00	2669.45	2670.73	2667.92	2667.96	5329	0	25
2024.11.11	11:15:00	2667.95	2668.58	2664.44	2665.49	6136	0	25
2024.11.11	11:30:00	2665.49	2667.51	2665.14	2666.88	5431	0	25
2024.11.11	11:45:00	2666.88	2667.89	2663.80	2666.77	4832	0	25
2024.11.11	12:00:00	2666.77	2672.15	2666.49	2671.73	5319	0	25
2024.11.11	12:15:00	2671.74	2675.20	2670.27	2670.40	6059	0	25
2024.11.11	12:30:00	2670.40	2671.03	2668.30	2668.43	4263	0	25
2024.11.11	12:45:00	2668.43	2669.27	2660.94	2661.87	5212	0	25
2024.11.11	13:00:00	2661.87	2664.36	2658.96	2663.78	6224	0	25
2024.11.11	13:15:00	2663.79	2666.24	2663.73	2665.92	4877	0	25
2024.11.11	13:30:00	2665.92	2666.96	2664.65	2664.92	5165	0	25
2024.11.11	13:45:00	2664.92	2666.15	2662.16	2662.57	5403	0	25
2024.11.11	14:00:00	2662.58	2663.14	2659.14	2660.08	5861	0	25
2024.11.11	14:15:00	2660.10	2661.84	2658.99	2660.81	5520	0	25
2024.11.11	14:30:00	2660.80	2662.38	2657.76	2661.52	5401	0	25
2024.11.11	14:45:00	2661.51	2661.95	2656.71	2657.28	5104	0	25
2024.11.11	15:00:00	2657.28	2657.39	2652.19	2656.43	9887	0	25
2024.11.11	15:15:00	2656.44	2657.50	2651.37	2651.41	8117	0	25
2024.11.11	15:30:00	2651.44	2652.79	2636.24	2637.78	11604	0	25
2024.11.11	15:45:00	2637.78	2640.78	2634.30	2635.50	10178	0	25
2024.11.11	16:00:00	2635.50	2635.64	2627.55	2632.57	11629	0	25
2024.11.11	16:15:00	2632.57	2635.48	2627.26	2628.25	8739	0	25
2024.11.11	16:30:00	2628.32	2628.32	2617.68	2620.12	13977	0	25
2024.11.11	16:45:00	2620.07	2625.99	2619.32	2622.47	11326	0	25
2024.11.11	17:00:00	2622.48	2626.24	2620.67	2620.97	10117	0	25
2024.11.11	17:15:00	2620.96	2622.79	2618.57	2620.13	8449	0	25
2024.11.11	17:30:00	2620.05	2620.08	2613.99	2617.77	9411	0	25
2024.11.11	17:45:00	2617.77	2617.91	2613.42	2614.48	7549	0	25
2024.11.11	18:00:00	2614.48	2616.36	2612.62	2615.13	7905	0	25
2024.11.11	18:15:00	2615.15	2616.92	2613.99	2615.25	7127	0	25
2024.11.11	18:30:00	2615.23	2618.06	2614.14	2615.66	6083	0	25
2024.11.11	18:45:00	2615.65	2617.16	2614.04	2615.00	5304	0	25
2024.11.11	19:00:00	2615.08	2616.87	2613.18	2613.68	5142	0	25
2024.11.11	19:15:00	2613.68	2614.18	2611.49	2611.83	4673	0	25
2024.11.11	19:30:00	2611.85	2615.70	2611.73	2613.66	4650	0	25
2024.11.11	19:45:00	2613.66	2614.44	2612.25	2612.54	3797	0	25
2024.11.11	20:00:00	2612.54	2613.36	2611.60	2612.53	3946	0	25
2024.11.11	20:15:00	2612.53	2612.69	2610.55	2611.29	4602	0	25
2024.11.11	20:30:00	2611.35	2618.35	2611.10	2618.11	4258	0	25
2024.11.11	20:45:00	2618.07	2619.15	2617.17	2618.88	3676	0	25
2024.11.11	21:00:00	2618.90	2620.58	2617.80	2619.07	3565	0	25
2024.11.11	21:15:00	2619.07	2620.45	2618.66	2618.99	3427	0	25
2024.11.11	21:30:00	2618.99	2620.09	2618.07	2619.14	2802	0	25
2024.11.11	21:45:00	2619.16	2620.11	2618.52	2619.19	2883	0	25
2024.11.11	22:00:00	2619.19	2622.47	2619.19	2622.02	2691	0	25
2024.11.11	22:15:00	2622.02	2623.07	2621.58	2622.21	2307	0	25
2024.11.11	22:30:00	2622.17	2625.18	2622.17	2625.17	2721	0	25
2024.11.11	22:45:00	2625.17	2626.11	2621.94	2621.94	3776	0	25
2024.11.11	23:00:00	2621.96	2623.04	2621.90	2622.83	1250	0	25
2024.11.11	23:15:00	2622.83	2622.94	2622.24	2622.31	776	0	25
2024.11.11	23:30:00	2622.32	2622.40	2619.67	2619.71	897	0	26
2024.11.11	23:45:00	2619.72	2620.49	2619.12	2619.40	929	0	25
2024.11.12	01:00:00	2619.41	2621.58	2619.28	2620.96	1034	0	25
2024.11.12	01:15:00	2620.96	2622.12	2620.77	2621.96	879	0	25
2024.11.12	01:30:00	2621.96	2623.02	2621.71	2622.90	981	0	25
2024.11.12	01:45:00	2622.89	2624.02	2622.47	2623.94	1131	0	25
2024.11.12	02:00:00	2623.95	2624.01	2622.20	2623.67	1629	0	25
2024.11.12	02:15:00	2623.67	2624.04	2622.43	2623.71	1649	0	25
2024.11.12	02:30:00	2623.71	2624.11	2622.86	2624.02	1810	0	25
2024.11.12	02:45:00	2624.02	2625.01	2623.46	2623.97	2095	0	25
2024.11.12	03:00:00	2623.96	2625.65	2622.22	2623.33	5935	0	25
2024.11.12	03:15:00	2623.34	2623.50	2619.17	2619.32	5369	0	25
2024.11.12	03:30:00	2619.32	2623.01	2619.21	2622.18	5743	0	25
2024.11.12	03:45:00	2622.18	2627.06	2622.18	2624.09	6839	0	25
2024.11.12	04:00:00	2624.09	2624.60	2620.67	2622.42	6321	0	25
2024.11.12	04:15:00	2622.42	2625.22	2622.34	2624.60	4047	0	25
2024.11.12	04:30:00	2624.60	2625.39	2621.59	2621.89	4983	0	25
2024.11.12	04:45:00	2621.92	2622.69	2620.49	2621.90	4573	0	25
2024.11.12	05:00:00	2621.90	2623.20	2621.52	2622.40	4181	0	25
2024.11.12	05:15:00	2622.38	2623.65	2621.65	2622.92	3760	0	25
2024.11.12	05:30:00	2622.93	2623.07	2620.40	2620.48	2564	0	25
2024.11.12	05:45:00	2620.47	2621.20	2618.73	2618.92	2848	0	25
2024.11.12	06:00:00	2618.94	2619.06	2615.68	2616.98	4651	0	25
2024.11.12	06:15:00	2616.97	2618.05	2616.68	2616.96	2632	0	25
2024.11.12	06:30:00	2616.96	2617.73	2615.63	2616.17	2412	0	25
2024.11.12	06:45:00	2616.19	2618.00	2615.67	2617.69	2663	0	25
2024.11.12	07:00:00	2617.69	2618.08	2616.43	2616.98	2719	0	25
2024.11.12	07:15:00	2616.99	2616.99	2611.60	2612.65	3803	0	25
2024.11.12	07:30:00	2612.66	2613.08	2606.49	2610.50	9397	0	25
2024.11.12	07:45:00	2610.49	2612.51	2605.32	2606.82	7380	0	25
2024.11.12	08:00:00	2606.82	2608.14	2604.15	2607.22	7066	0	25
2024.11.12	08:15:00	2607.18	2607.60	2603.39	2607.30	6485	0	25
2024.11.12	08:30:00	2607.30	2610.04	2603.59	2604.79	6853	0	25
2024.11.12	08:45:00	2604.79	2607.95	2604.50	2607.82	5889	0	25
2024.11.12	09:00:00	2607.86	2609.06	2604.67	2606.46	5535	0	25
2024.11.12	09:15:00	2606.46	2608.23	2599.47	2604.26	6993	0	25
2024.11.12	09:30:00	2604.29	2604.59	2595.21	2596.90	7041	0	25
2024.11.12	09:45:00	2596.89	2604.29	2596.89	2598.16	7683	0	25
2024.11.12	10:00:00	2598.16	2606.46	2598.13	2604.27	7322	0	25
2024.11.12	10:15:00	2604.31	2604.99	2600.82	2601.97	6390	0	25
2024.11.12	10:30:00	2601.95	2603.07	2599.47	2599.86	5693	0	25
2024.11.12	10:45:00	2599.86	2602.94	2599.37	2600.60	5587	0	25
2024.11.12	11:00:00	2600.59	2600.70	2590.76	2594.26	7353	0	25
2024.11.12	11:15:00	2594.26	2595.68	2592.52	2594.48	6922	0	25
2024.11.12	11:30:00	2594.48	2595.89	2591.58	2593.37	5241	0	25
2024.11.12	11:45:00	2593.37	2596.26	2592.36	2593.27	4695	0	25
2024.11.12	12:00:00	2593.27	2595.80	2591.22	2593.49	4802	0	25
2024.11.12	12:15:00	2593.50	2594.93	2589.70	2591.95	5555	0	25
2024.11.12	12:30:00	2591.95	2593.34	2590.51	2592.34	4631	0	25
2024.11.12	12:45:00	2592.32	2598.55	2592.28	2596.60	6212	0	25
2024.11.12	13:00:00	2596.60	2599.06	2595.53	2596.59	6001	0	25
2024.11.12	13:15:00	2596.59	2598.67	2592.57	2597.85	4594	0	25
2024.11.12	13:30:00	2597.85	2598.84	2594.89	2595.09	4923	0	25
2024.11.12	13:45:00	2595.09	2598.11	2593.15	2597.78	5709	0	25
2024.11.12	14:00:00	2597.80	2604.52	2597.80	2602.31	8128	0	25
2024.11.12	14:15:00	2602.31	2604.16	2601.32	2602.52	5669	0	25
2024.11.12	14:30:00	2602.52	2606.57	2600.73	2602.29	6937	0	25
2024.11.12	14:45:00	2602.29	2607.02	2601.22	2605.26	7767	0	25
2024.11.12	15:00:00	2605.26	2609.21	2604.47	2605.55	9376	0	25
2024.11.12	15:15:00	2605.53	2616.27	2605.34	2614.38	9891	0	25
2024.11.12	15:30:00	2614.38	2614.71	2605.91	2606.23	9116	0	25
2024.11.12	15:45:00	2606.24	2612.07	2605.48	2611.52	7786	0	25
2024.11.12	16:00:00	2611.52	2613.72	2608.93	2613.39	8394	0	25
2024.11.12	16:15:00	2613.39	2615.30	2611.77	2613.19	8533	0	25
2024.11.12	16:30:00	2613.20	2616.96	2609.79	2614.77	10981	0	25
2024.11.12	16:45:00	2614.77	2614.77	2610.18	2610.35	9160	0	25
2024.11.12	17:00:00	2610.34	2611.70	2605.16	2609.12	9579	0	25
2024.11.12	17:15:00	2609.12	2610.47	2603.07	2603.31	7881	0	25
2024.11.12	17:30:00	2603.31	2604.40	2597.40	2601.14	9525	0	25
2024.11.12	17:45:00	2601.17	2602.52	2597.54	2598.47	8779	0	25
2024.11.12	18:00:00	2598.47	2604.09	2597.86	2599.91	8550	0	25
2024.11.12	18:15:00	2599.90	2602.74	2598.68	2598.96	7539	0	25
2024.11.12	18:30:00	2598.96	2601.49	2598.30	2600.33	6544	0	25
2024.11.12	18:45:00	2600.34	2601.60	2599.38	2600.70	6158	0	25
2024.11.12	19:00:00	2600.71	2601.10	2593.23	2593.28	6822	0	25
2024.11.12	19:15:00	2593.28	2594.67	2592.46	2593.98	6088	0	25
2024.11.12	19:30:00	2593.97	2597.02	2593.24	2594.71	6235	0	25
2024.11.12	19:45:00	2594.72	2599.15	2593.73	2597.41	5605	0	25
2024.11.12	20:00:00	2597.41	2600.82	2597.09	2600.57	5857	0	25
2024.11.12	20:15:00	2600.58	2601.98	2599.17	2599.60	5923	0	25
2024.11.12	20:30:00	2599.60	2600.07	2596.50	2597.42	4653	0	25
2024.11.12	20:45:00	2597.42	2599.86	2596.67	2599.11	4197	0	25
2024.11.12	21:00:00	2599.12	2600.97	2598.89	2599.15	4280	0	25
2024.11.12	21:15:00	2599.15	2601.32	2598.74	2599.88	3730	0	25
2024.11.12	21:30:00	2599.87	2600.56	2598.90	2600.13	3393	0	25
2024.11.12	21:45:00	2600.13	2600.55	2597.92	2598.15	3592	0	25
2024.11.12	22:00:00	2598.15	2598.70	2595.09	2597.84	3344	0	25
2024.11.12	22:15:00	2597.84	2599.16	2597.82	2598.18	2607	0	25
2024.11.12	22:30:00	2598.19	2600.17	2597.36	2600.16	2940	0	25
2024.11.12	22:45:00	2600.16	2601.25	2599.45	2599.68	3965	0	25
2024.11.12	23:00:00	2599.69	2600.65	2599.12	2599.32	1418	0	25
2024.11.12	23:15:00	2599.32	2599.50	2597.61	2597.70	1216	0	25
2024.11.12	23:30:00	2597.69	2598.36	2597.28	2597.57	998	0	25
2024.11.12	23:45:00	2597.58	2598.26	2597.04	2598.13	871	0	32
2024.11.13	01:00:00	2598.71	2599.02	2597.58	2598.88	703	0	25
2024.11.13	01:15:00	2598.89	2599.50	2598.22	2598.27	852	0	25
2024.11.13	01:30:00	2598.27	2598.61	2597.88	2598.31	704	0	25
2024.11.13	01:45:00	2598.32	2599.77	2598.32	2598.86	953	0	25
2024.11.13	02:00:00	2598.88	2599.12	2598.00	2598.72	1309	0	25
2024.11.13	02:15:00	2598.72	2599.61	2598.46	2598.91	1039	0	25
2024.11.13	02:30:00	2598.90	2599.86	2598.71	2599.08	1357	0	25
2024.11.13	02:45:00	2599.10	2599.63	2598.63	2599.37	2072	0	25
2024.11.13	03:00:00	2599.37	2604.60	2599.36	2602.94	7039	0	25
2024.11.13	03:15:00	2602.91	2608.55	2602.85	2608.19	7557	0	25
2024.11.13	03:30:00	2608.19	2610.40	2606.45	2609.84	5982	0	25
2024.11.13	03:45:00	2609.82	2611.08	2607.82	2608.04	6171	0	25
2024.11.13	04:00:00	2608.04	2608.46	2605.11	2606.59	5615	0	25
2024.11.13	04:15:00	2606.60	2607.25	2605.38	2607.11	2833	0	25
2024.11.13	04:30:00	2607.11	2609.78	2605.46	2608.44	4925	0	25
2024.11.13	04:45:00	2608.45	2612.54	2608.32	2612.03	4263	0	25
2024.11.13	05:00:00	2612.03	2613.22	2609.93	2610.40	4363	0	25
2024.11.13	05:15:00	2610.40	2611.01	2606.98	2608.36	4008	0	25
2024.11.13	05:30:00	2608.36	2609.34	2606.40	2608.82	3082	0	25
2024.11.13	05:45:00	2608.84	2612.45	2608.75	2611.48	3293	0	25
2024.11.13	06:00:00	2611.48	2612.29	2609.25	2610.20	2889	0	25
2024.11.13	06:15:00	2610.21	2612.00	2609.54	2611.63	2327	0	25
2024.11.13	06:30:00	2611.62	2612.00	2607.94	2609.08	2196	0	25
2024.11.13	06:45:00	2609.08	2610.02	2606.05	2606.19	3083	0	25
2024.11.13	07:00:00	2606.19	2607.85	2606.19	2606.61	3111	0	25
2024.11.13	07:15:00	2606.62	2607.13	2605.94	2606.32	3237	0	25
2024.11.13	07:30:00	2606.32	2606.55	2603.57	2605.07	5407	0	25
2024.11.13	07:45:00	2605.08	2606.74	2604.07	2605.76	3906	0	25
2024.11.13	08:00:00	2605.76	2607.39	2604.51	2604.58	4566	0	25
2024.11.13	08:15:00	2604.49	2607.00	2604.20	2605.85	4269	0	25
2024.11.13	08:30:00	2605.81	2606.66	2604.70	2604.86	3692	0	25
2024.11.13	08:45:00	2604.87	2606.55	2604.44	2605.41	3741	0	25
2024.11.13	09:00:00	2605.41	2607.39	2604.56	2605.18	3489	0	25
2024.11.13	09:15:00	2605.16	2607.33	2604.25	2606.25	3397	0	25
2024.11.13	09:30:00	2606.26	2607.23	2605.24	2607.16	3346	0	25
2024.11.13	09:45:00	2607.15	2607.15	2605.63	2606.14	3903	0	25
2024.11.13	10:00:00	2606.15	2606.22	2601.32	2601.78	5468	0	25
2024.11.13	10:15:00	2601.78	2605.91	2601.03	2604.70	5521	0	25
2024.11.13	10:30:00	2604.69	2610.63	2604.53	2608.80	5688	0	25
2024.11.13	10:45:00	2608.80	2610.47	2607.40	2607.59	4385	0	25
2024.11.13	11:00:00	2607.61	2610.24	2607.30	2609.52	4580	0	25
2024.11.13	11:15:00	2609.50	2610.49	2607.75	2609.57	4201	0	25
2024.11.13	11:30:00	2609.57	2611.62	2608.44	2609.56	4635	0	25
2024.11.13	11:45:00	2609.55	2610.78	2608.03	2608.56	4196	0	25
2024.11.13	12:00:00	2608.57	2608.92	2607.11	2607.64	4009	0	25
2024.11.13	12:15:00	2607.63	2609.94	2606.94	2609.85	3647	0	25
2024.11.13	12:30:00	2609.82	2610.38	2606.98	2607.10	3572	0	25
2024.11.13	12:45:00	2607.11	2610.34	2607.11	2609.00	3406	0	25
2024.11.13	13:00:00	2609.02	2611.58	2608.12	2609.58	3436	0	25
2024.11.13	13:15:00	2609.58	2610.18	2608.30	2608.69	2848	0	25
2024.11.13	13:30:00	2608.68	2608.68	2605.84	2608.36	4145	0	25
2024.11.13	13:45:00	2608.34	2610.83	2607.65	2610.74	4461	0	25
2024.11.13	14:00:00	2610.74	2612.66	2610.35	2611.39	4944	0	25
2024.11.13	14:15:00	2611.39	2611.82	2609.80	2610.62	4037	0	25
2024.11.13	14:30:00	2610.64	2611.56	2609.54	2610.92	3872	0	25
2024.11.13	14:45:00	2610.91	2611.41	2608.88	2609.62	3871	0	25
2024.11.13	15:00:00	2609.61	2610.96	2607.49	2608.02	6601	0	25
2024.11.13	15:15:00	2608.03	2609.54	2607.14	2608.59	5808	0	25
2024.11.13	15:30:00	2608.64	2618.71	2608.64	2609.39	13988	0	25
2024.11.13	15:45:00	2609.38	2614.05	2608.01	2612.28	10463	0	25
2024.11.13	16:00:00	2612.26	2616.29	2610.92	2615.65	9664	0	25
2024.11.13	16:15:00	2615.63	2615.87	2611.61	2613.24	9041	0	25
2024.11.13	16:30:00	2613.25	2615.11	2606.14	2609.89	11556	0	25
2024.11.13	16:45:00	2609.88	2609.89	2601.10	2602.02	11381	0	25
2024.11.13	17:00:00	2602.11	2602.97	2593.59	2596.27	12017	0	25
2024.11.13	17:15:00	2596.26	2600.33	2595.92	2597.22	10912	0	25
2024.11.13	17:30:00	2597.23	2601.65	2596.88	2600.96	10844	0	25
2024.11.13	17:45:00	2600.95	2606.79	2599.66	2605.32	9720	0	25
2024.11.13	18:00:00	2605.30	2605.89	2601.43	2601.84	9168	0	25
2024.11.13	18:15:00	2601.84	2601.85	2595.57	2595.58	7894	0	25
2024.11.13	18:30:00	2595.58	2596.56	2587.51	2590.18	9481	0	25
2024.11.13	18:45:00	2590.18	2592.83	2584.73	2585.79	8292	0	25
2024.11.13	19:00:00	2585.80	2586.77	2579.75	2582.03	8860	0	25
2024.11.13	19:15:00	2582.02	2583.58	2577.62	2578.69	8140	0	25
2024.11.13	19:30:00	2578.71	2584.58	2578.71	2582.09	7697	0	25
2024.11.13	19:45:00	2582.08	2584.99	2581.68	2583.25	6523	0	25
2024.11.13	20:00:00	2583.25	2585.35	2582.23	2584.43	5739	0	25
2024.11.13	20:15:00	2584.44	2584.46	2579.82	2580.53	5810	0	25
2024.11.13	20:30:00	2580.53	2583.91	2580.10	2581.51	5286	0	25
2024.11.13	20:45:00	2581.52	2583.86	2579.59	2582.69	4552	0	25
2024.11.13	21:00:00	2582.70	2583.04	2580.66	2582.65	3686	0	25
2024.11.13	21:15:00	2582.63	2584.83	2581.52	2584.28	4214	0	25
2024.11.13	21:30:00	2584.28	2584.61	2582.39	2582.93	4110	0	25
2024.11.13	21:45:00	2582.94	2583.68	2580.51	2580.92	3208	0	25
2024.11.13	22:00:00	2580.93	2581.09	2574.56	2576.98	5063	0	25
2024.11.13	22:15:00	2576.97	2578.46	2575.34	2575.75	3102	0	25
2024.11.13	22:30:00	2575.74	2576.70	2573.78	2575.11	3501	0	25
2024.11.13	22:45:00	2575.19	2576.03	2572.98	2573.76	4032	0	25
2024.11.13	23:00:00	2573.76	2577.05	2573.46	2575.78	1674	0	25
2024.11.13	23:15:00	2575.80	2576.34	2575.32	2575.98	1074	0	25
2024.11.13	23:30:00	2575.95	2575.95	2574.56	2575.06	1005	0	25
2024.11.13	23:45:00	2575.06	2575.17	2572.97	2573.07	950	0	25
2024.11.14	01:00:00	2572.83	2575.77	2571.79	2575.51	1603	0	25
2024.11.14	01:15:00	2575.51	2581.30	2575.29	2580.99	2189	0	25
2024.11.14	01:30:00	2580.98	2581.31	2569.34	2572.31	4928	0	25
2024.11.14	01:45:00	2572.31	2572.75	2569.31	2570.85	2923	0	25
2024.11.14	02:00:00	2570.85	2572.98	2570.85	2572.87	2195	0	25
2024.11.14	02:15:00	2572.87	2574.68	2572.18	2573.64	2234	0	25
2024.11.14	02:30:00	2573.64	2573.95	2571.09	2572.10	1816	0	25
2024.11.14	02:45:00	2572.11	2572.54	2569.57	2572.42	2424	0	25
2024.11.14	03:00:00	2572.43	2572.78	2564.80	2567.89	8158	0	25
2024.11.14	03:15:00	2567.89	2569.52	2565.56	2569.06	5466	0	25
2024.11.14	03:30:00	2569.05	2570.11	2565.43	2566.91	5407	0	25
2024.11.14	03:45:00	2566.92	2567.27	2561.54	2562.51	4826	0	25
2024.11.14	04:00:00	2562.50	2564.42	2560.66	2563.29	5434	0	25
2024.11.14	04:15:00	2563.30	2564.54	2561.20	2561.94	3149	0	25
2024.11.14	04:30:00	2561.95	2562.49	2558.94	2559.41	5056	0	25
2024.11.14	04:45:00	2559.41	2560.75	2558.87	2560.58	4383	0	25
2024.11.14	05:00:00	2560.57	2563.74	2559.87	2563.60	4098	0	25
2024.11.14	05:15:00	2563.61	2565.00	2561.46	2561.49	4232	0	25
2024.11.14	05:30:00	2561.49	2562.87	2560.65	2560.67	2673	0	25
2024.11.14	05:45:00	2560.66	2561.71	2559.96	2560.66	2358	0	25
2024.11.14	06:00:00	2560.66	2561.28	2559.23	2560.96	2578	0	25
2024.11.14	06:15:00	2560.97	2563.11	2560.57	2562.84	2411	0	25
2024.11.14	06:30:00	2562.85	2562.85	2560.20	2561.71	2381	0	25
2024.11.14	06:45:00	2561.72	2565.23	2561.37	2565.11	2387	0	25
2024.11.14	07:00:00	2565.10	2565.13	2561.86	2561.99	3244	0	25
2024.11.14	07:15:00	2562.00	2562.60	2559.01	2559.86	3679	0	25
2024.11.14	07:30:00	2559.86	2560.30	2555.28	2556.23	6197	0	25
2024.11.14	07:45:00	2556.23	2558.88	2555.88	2558.59	5069	0	25
2024.11.14	08:00:00	2558.57	2560.44	2557.49	2558.03	4796	0	25
2024.11.14	08:15:00	2558.01	2559.27	2557.51	2557.73	4314	0	25
2024.11.14	08:30:00	2557.73	2558.08	2553.81	2555.11	5511	0	25
2024.11.14	08:45:00	2555.10	2555.34	2551.84	2554.99	6233	0	25
2024.11.14	09:00:00	2555.02	2557.03	2550.33	2550.86	6653	0	25
2024.11.14	09:15:00	2550.86	2554.92	2550.46	2554.83	5029	0	25
2024.11.14	09:30:00	2554.83	2558.84	2554.21	2556.05	6006	0	25
2024.11.14	09:45:00	2556.05	2558.58	2555.89	2556.88	5080	0	25
2024.11.14	10:00:00	2556.90	2559.75	2554.46	2557.07	6417	0	25
2024.11.14	10:15:00	2557.04	2557.93	2554.90	2555.59	5454	0	25
2024.11.14	10:30:00	2555.58	2558.73	2555.22	2557.41	5004	0	25
2024.11.14	10:45:00	2557.40	2557.66	2554.58	2556.08	4765	0	25
2024.11.14	11:00:00	2556.13	2558.27	2553.00	2554.66	5725	0	25
2024.11.14	11:15:00	2554.66	2554.78	2551.49	2552.16	6122	0	25
2024.11.14	11:30:00	2552.16	2552.19	2540.91	2543.69	8519	0	25
2024.11.14	11:45:00	2543.68	2544.40	2536.73	2543.47	7366	0	25
2024.11.14	12:00:00	2543.46	2544.63	2538.97	2544.54	6326	0	25
2024.11.14	12:15:00	2544.53	2545.63	2540.60	2545.55	5870	0	25
2024.11.14	12:30:00	2545.54	2547.98	2543.32	2544.76	6209	0	25
2024.11.14	12:45:00	2544.76	2547.23	2544.04	2547.02	5521	0	25
2024.11.14	13:00:00	2547.02	2548.45	2545.24	2547.35	6070	0	25
2024.11.14	13:15:00	2547.35	2548.16	2545.12	2545.83	6036	0	25
2024.11.14	13:30:00	2545.81	2552.10	2545.75	2552.10	6385	0	25
2024.11.14	13:45:00	2552.09	2554.96	2551.76	2553.57	7019	0	25
2024.11.14	14:00:00	2553.58	2555.06	2552.20	2554.38	6544	0	25
2024.11.14	14:15:00	2554.40	2556.81	2553.50	2556.03	5784	0	25
2024.11.14	14:30:00	2556.03	2556.54	2553.19	2553.68	5441	0	25
2024.11.14	14:45:00	2553.65	2553.98	2550.07	2552.17	5788	0	25
2024.11.14	15:00:00	2552.16	2555.67	2551.21	2555.16	8122	0	25
2024.11.14	15:15:00	2555.17	2556.95	2553.50	2555.43	7621	0	25
2024.11.14	15:30:00	2555.42	2560.27	2551.64	2558.00	12176	0	25
2024.11.14	15:45:00	2558.02	2559.77	2555.68	2557.15	10305	0	25
2024.11.14	16:00:00	2557.14	2558.64	2554.23	2557.73	9356	0	25
2024.11.14	16:15:00	2557.75	2563.84	2557.21	2562.93	8872	0	25
2024.11.14	16:30:00	2562.93	2565.87	2560.70	2561.55	11346	0	25
2024.11.14	16:45:00	2561.56	2563.30	2557.67	2559.61	9651	0	25
2024.11.14	17:00:00	2559.61	2568.57	2558.60	2566.59	10203	0	25
2024.11.14	17:15:00	2566.55	2572.70	2564.55	2570.51	9958	0	25
2024.11.14	17:30:00	2570.51	2572.95	2565.77	2567.19	8694	0	25
2024.11.14	17:45:00	2567.20	2570.44	2566.70	2570.21	7751	0	25
2024.11.14	18:00:00	2570.21	2572.78	2569.19	2571.57	7500	0	25
2024.11.14	18:15:00	2571.59	2576.63	2571.34	2575.59	7450	0	25
2024.11.14	18:30:00	2575.59	2577.37	2573.95	2574.57	6126	0	25
2024.11.14	18:45:00	2574.52	2575.35	2571.87	2573.92	5457	0	25
2024.11.14	19:00:00	2573.93	2575.85	2572.13	2572.30	5242	0	25
2024.11.14	19:15:00	2572.30	2572.30	2568.45	2568.80	5660	0	25
2024.11.14	19:30:00	2568.77	2570.75	2568.25	2568.34	5224	0	25
2024.11.14	19:45:00	2568.33	2573.33	2567.44	2572.92	5542	0	25
2024.11.14	20:00:00	2572.92	2573.37	2569.82	2570.65	4959	0	25
2024.11.14	20:15:00	2570.66	2571.41	2567.14	2567.78	5569	0	25
2024.11.14	20:30:00	2567.78	2570.93	2567.76	2570.49	4545	0	25
2024.11.14	20:45:00	2570.48	2570.98	2569.04	2569.79	4350	0	25
2024.11.14	21:00:00	2569.80	2574.59	2569.76	2573.74	4455	0	25
2024.11.14	21:15:00	2573.75	2575.68	2573.74	2574.55	3619	0	25
2024.11.14	21:30:00	2574.55	2575.99	2574.16	2575.88	3325	0	25
2024.11.14	21:45:00	2575.88	2576.82	2574.94	2575.91	3762	0	25
2024.11.14	22:00:00	2575.89	2576.31	2563.84	2566.24	10691	0	25
2024.11.14	22:15:00	2566.26	2573.17	2566.25	2572.55	7459	0	25
2024.11.14	22:30:00	2572.54	2574.18	2567.12	2568.46	6430	0	25
2024.11.14	22:45:00	2568.46	2568.63	2565.30	2567.19	6053	0	25
2024.11.14	23:00:00	2567.21	2569.48	2567.21	2568.23	2149	0	25
2024.11.14	23:15:00	2568.23	2569.13	2565.36	2565.40	1729	0	25
2024.11.14	23:30:00	2565.36	2566.07	2564.08	2565.80	1538	0	25
2024.11.14	23:45:00	2565.82	2566.42	2565.17	2565.36	1104	0	25
2024.11.15	01:00:00	2565.41	2566.81	2564.76	2565.86	895	0	25
2024.11.15	01:15:00	2565.87	2566.46	2565.77	2566.09	804	0	25
2024.11.15	01:30:00	2566.09	2566.98	2566.05	2566.51	777	0	25
2024.11.15	01:45:00	2566.51	2567.22	2566.10	2566.86	1019	0	25
2024.11.15	02:00:00	2566.86	2567.05	2566.30	2566.95	1621	0	25
2024.11.15	02:15:00	2566.96	2567.32	2565.88	2566.44	1410	0	25
2024.11.15	02:30:00	2566.45	2567.56	2565.89	2566.25	2170	0	25
2024.11.15	02:45:00	2566.27	2567.23	2566.18	2566.80	1949	0	25
2024.11.15	03:00:00	2566.81	2571.57	2566.01	2569.85	6020	0	25
2024.11.15	03:15:00	2569.85	2570.59	2568.00	2569.10	4850	0	25
2024.11.15	03:30:00	2569.11	2569.23	2563.81	2564.69	4853	0	25
2024.11.15	03:45:00	2564.69	2566.05	2563.02	2564.96	4851	0	25
2024.11.15	04:00:00	2564.96	2568.74	2564.85	2568.20	4424	0	25
2024.11.15	04:15:00	2568.20	2569.76	2566.94	2568.89	3059	0	25
2024.11.15	04:30:00	2568.90	2569.34	2566.98	2567.59	3600	0	25
2024.11.15	04:45:00	2567.59	2571.00	2567.28	2570.14	4048	0	25
2024.11.15	05:00:00	2570.14	2571.08	2568.87	2569.13	3659	0	25
2024.11.15	05:15:00	2569.16	2569.41	2567.84	2568.64	3123	0	25
2024.11.15	05:30:00	2568.64	2569.11	2567.87	2568.60	1762	0	25
2024.11.15	05:45:00	2568.60	2569.93	2567.61	2567.69	1659	0	25
2024.11.15	06:00:00	2567.69	2568.56	2567.23	2568.32	1669	0	25
2024.11.15	06:15:00	2568.32	2568.42	2567.43	2568.21	1229	0	25
2024.11.15	06:30:00	2568.22	2569.47	2568.13	2569.20	1345	0	25
2024.11.15	06:45:00	2569.19	2569.19	2566.98	2567.04	1406	0	25
2024.11.15	07:00:00	2567.04	2567.18	2565.51	2567.04	2685	0	25
2024.11.15	07:15:00	2567.04	2567.09	2565.48	2565.90	2019	0	25
2024.11.15	07:30:00	2565.90	2566.11	2564.25	2565.41	3722	0	25
2024.11.15	07:45:00	2565.41	2565.41	2559.71	2559.90	4437	0	25
2024.11.15	08:00:00	2559.90	2561.85	2555.97	2557.56	5402	0	25
2024.11.15	08:15:00	2557.57	2558.15	2554.43	2558.05	4641	0	25
2024.11.15	08:30:00	2558.04	2561.50	2557.80	2561.17	4820	0	25
2024.11.15	08:45:00	2561.18	2563.52	2560.95	2561.36	4516	0	25
2024.11.15	09:00:00	2561.36	2562.07	2559.35	2562.00	4473	0	25
2024.11.15	09:15:00	2562.02	2564.30	2561.25	2562.02	4580	0	25
2024.11.15	09:30:00	2562.02	2564.23	2561.38	2563.34	4045	0	25
2024.11.15	09:45:00	2563.34	2564.82	2561.96	2563.72	3472	0	25
2024.11.15	10:00:00	2563.73	2566.75	2563.66	2565.28	5133	0	25
2024.11.15	10:15:00	2565.30	2565.33	2560.80	2563.23	4829	0	25
2024.11.15	10:30:00	2563.23	2567.99	2562.24	2567.76	5414	0	25
2024.11.15	10:45:00	2567.75	2568.91	2566.08	2566.83	5093	0	25
2024.11.15	11:00:00	2566.81	2568.02	2565.73	2567.75	4642	0	25
2024.11.15	11:15:00	2567.76	2568.84	2563.92	2565.97	4747	0	25
2024.11.15	11:30:00	2565.97	2567.77	2565.14	2565.96	4296	0	25
2024.11.15	11:45:00	2565.93	2566.83	2563.90	2563.96	3946	0	25
2024.11.15	12:00:00	2563.95	2564.89	2562.91	2564.15	3880	0	25
2024.11.15	12:15:00	2564.16	2569.63	2564.11	2569.11	4717	0	25
2024.11.15	12:30:00	2569.10	2570.00	2566.86	2568.95	5817	0	25
2024.11.15	12:45:00	2568.97	2570.39	2567.27	2567.85	4675	0	25
2024.11.15	13:00:00	2567.85	2568.82	2566.60	2568.03	4114	0	25
2024.11.15	13:15:00	2568.04	2570.31	2567.44	2570.28	3750	0	25
2024.11.15	13:30:00	2570.29	2572.93	2568.74	2571.98	5436	0	25
2024.11.15	13:45:00	2571.97	2573.27	2569.40	2570.72	5102	0	25
2024.11.15	14:00:00	2570.72	2570.99	2566.14	2566.84	5114	0	25
2024.11.15	14:15:00	2566.81	2568.21	2565.41	2568.16	4383	0	25
2024.11.15	14:30:00	2568.11	2568.14	2565.49	2567.15	4133	0	25
2024.11.15	14:45:00	2567.17	2569.54	2565.80	2569.08	5369	0	25
2024.11.15	15:00:00	2569.07	2575.69	2568.64	2573.66	9763	0	25
2024.11.15	15:15:00	2573.74	2575.09	2570.12	2570.55	8236	0	25
2024.11.15	15:30:00	2570.56	2572.08	2561.20	2568.45	14382	0	25
2024.11.15	15:45:00	2568.47	2571.61	2564.68	2565.29	10392	0	25
2024.11.15	16:00:00	2565.28	2572.66	2564.20	2571.71	8852	0	25
2024.11.15	16:15:00	2571.73	2573.98	2570.20	2573.07	9071	0	25
2024.11.15	16:30:00	2573.07	2575.06	2567.19	2570.70	11562	0	25
2024.11.15	16:45:00	2570.70	2575.48	2570.01	2572.79	9598	0	25
2024.11.15	17:00:00	2572.79	2576.00	2570.87	2573.36	9991	0	25
2024.11.15	17:15:00	2573.36	2574.56	2567.57	2569.42	9042	0	25
2024.11.15	17:30:00	2569.45	2570.16	2565.15	2565.27	9247	0	25
2024.11.15	17:45:00	2565.28	2571.49	2565.05	2570.74	8540	0	25
2024.11.15	18:00:00	2570.74	2573.23	2569.45	2572.71	8490	0	25
2024.11.15	18:15:00	2572.71	2572.84	2566.39	2566.45	7606	0	25
2024.11.15	18:30:00	2566.47	2567.12	2562.56	2563.17	7338	0	25
2024.11.15	18:45:00	2563.17	2565.44	2562.02	2562.14	6687	0	25
2024.11.15	19:00:00	2562.12	2563.34	2560.08	2563.06	6268	0	25
2024.11.15	19:15:00	2563.05	2564.73	2561.11	2563.66	5643	0	25
2024.11.15	19:30:00	2563.65	2564.63	2561.79	2561.91	4962	0	25
2024.11.15	19:45:00	2561.91	2564.12	2561.64	2562.94	5115	0	25
2024.11.15	20:00:00	2562.94	2563.08	2559.41	2562.19	5590	0	25
2024.11.15	20:15:00	2562.18	2566.45	2562.04	2565.61	6033	0	25
2024.11.15	20:30:00	2565.61	2566.20	2563.86	2565.70	4787	0	25
2024.11.15	20:45:00	2565.69	2567.73	2565.45	2567.47	4529	0	25
2024.11.15	21:00:00	2567.47	2567.98	2566.25	2566.51	3767	0	25
2024.11.15	21:15:00	2566.50	2567.13	2564.86	2565.02	2882	0	25
2024.11.15	21:30:00	2565.03	2565.38	2562.75	2563.37	3333	0	25
2024.11.15	21:45:00	2563.38	2564.70	2562.89	2563.82	3625	0	25
2024.11.15	22:00:00	2563.81	2563.83	2561.77	2562.21	3928	0	25
2024.11.15	22:15:00	2562.21	2562.29	2559.78	2560.64	3492	0	25
2024.11.15	22:30:00	2560.65	2562.94	2559.88	2562.91	3584	0	25
2024.11.15	22:45:00	2562.91	2563.86	2561.99	2562.19	3714	0	25
2024.11.15	23:00:00	2562.18	2562.37	2561.84	2562.30	827	0	25
2024.11.15	23:15:00	2562.31	2562.33	2561.49	2561.67	775	0	25
2024.11.15	23:30:00	2561.66	2561.76	2560.97	2561.36	1096	0	25
2024.11.15	23:45:00	2561.36	2561.74	2561.02	2561.61	1169	0	33
